{
    "color": {
        "cx": 959.598,
        "cy": 547.202,
        "fx": 914.415,
        "fy": 914.03,
        "k1": 0.291868,
        "k2": -2.65674,
        "k3": 1.63372,
        "k4": 0.1717,
        "k5": -2.46194,
        "k6": 1.54674,
        "metric_radius": 0.0,
        "p1": 0.0,
        "p2": -6.53893e-05,
        "codx": 0.000248083,
        "cody": 0.000248083
    }
}